{
    "bottle": 0.9992063492063492,
    "cable": 0.7475637181409296,
    "capsule": 0.7562824092540886,
    "carpet": 0.9991974317817015,
    "grid": 0.9757727652464494,
    "hazelnut": 0.6767857142857142,
    "leather": 1.0,
    "metal_nut": 0.7336265884652982,
    "pill": 0.8145117294053464,
    "screw": 0.4484525517524083,
    "tile": 0.9963924963924964,
    "toothbrush": 0.8722222222222222,
    "transistor": 0.9016666666666666,
    "wood": 0.986842105263158,
    "zipper": 0.8705357142857143,
    "all": 0.8519372308245695
}