{
    "bottle": 0.9992063492063492,
    "cable": 0.7674287856071963,
    "capsule": 0.8105305145592341,
    "carpet": 0.997191011235955,
    "grid": 0.9849624060150376,
    "hazelnut": 0.7064285714285714,
    "leather": 1.0,
    "metal_nut": 0.8812316715542522,
    "pill": 0.8191489361702128,
    "screw": 0.50256200040992,
    "tile": 0.9971139971139972,
    "toothbrush": 0.888888888888889,
    "transistor": 0.9,
    "wood": 0.9789473684210527,
    "zipper": 0.8975840336134454,
    "all": 0.8754149689482742
}