{
    "bottle": 1.0,
    "cable": 0.9411544227886056,
    "capsule": 0.9042680494615077,
    "carpet": 0.9983948635634029,
    "grid": 0.9741019214703425,
    "hazelnut": 1.0,
    "leather": 1.0,
    "metal_nut": 0.998533724340176,
    "pill": 0.9683578832515003,
    "screw": 0.7319122771059644,
    "tile": 1.0,
    "toothbrush": 0.9333333333333333,
    "transistor": 0.9216666666666666,
    "wood": 0.9885964912280703,
    "zipper": 0.9698004201680672,
    "all": 0.9553413368918425
}