{
    "bottle": 0.9992063492063492,
    "cable": 0.7844827586206897,
    "capsule": 0.7774232149980056,
    "carpet": 0.9975922953451043,
    "grid": 0.9841269841269842,
    "hazelnut": 0.7739285714285714,
    "leather": 1.0,
    "metal_nut": 0.8670576735092864,
    "pill": 0.7746863066012002,
    "screw": 0.46075015372002454,
    "tile": 0.9967532467532468,
    "toothbrush": 0.8916666666666667,
    "transistor": 0.89625,
    "wood": 0.9850877192982456,
    "zipper": 0.8983718487394958,
    "all": 0.8724922526009248
}