{
    "bottle": 1.0,
    "cable": 0.9550224887556222,
    "capsule": 0.8568009573195055,
    "carpet": 0.9979935794542536,
    "grid": 0.9557226399331663,
    "hazelnut": 0.9992857142857142,
    "leather": 1.0,
    "metal_nut": 0.9980449657869013,
    "pill": 0.9773595199127114,
    "screw": 0.7706497233039558,
    "tile": 1.0,
    "toothbrush": 0.9555555555555556,
    "transistor": 0.905,
    "wood": 0.986842105263158,
    "zipper": 0.9645483193277311,
    "all": 0.9548550379265516
}