{
    "bottle": 1.0,
    "cable": 0.7661169415292354,
    "capsule": 0.7822098125249302,
    "carpet": 0.9947833065810594,
    "grid": 0.9832915622389307,
    "hazelnut": 0.7803571428571427,
    "leather": 1.0,
    "metal_nut": 0.8885630498533724,
    "pill": 0.806873977086743,
    "screw": 0.4363599098175856,
    "tile": 0.998917748917749,
    "toothbrush": 0.8888888888888888,
    "transistor": 0.89375,
    "wood": 0.9596491228070174,
    "zipper": 0.8440126050420168,
    "all": 0.8682516045429782
}