{
    "bottle": 1.0,
    "cable": 0.959895052473763,
    "capsule": 0.8819305943358596,
    "carpet": 0.9967897271268058,
    "grid": 0.9565580618212197,
    "hazelnut": 0.9989285714285714,
    "leather": 1.0,
    "metal_nut": 0.9980449657869013,
    "pill": 0.9773595199127115,
    "screw": 0.8034433285509326,
    "tile": 1.0,
    "toothbrush": 0.9555555555555556,
    "transistor": 0.9141666666666667,
    "wood": 0.9859649122807018,
    "zipper": 0.9690126050420168,
    "all": 0.959843304065447
}