{
    "bottle": 1.0,
    "cable": 0.7239505247376312,
    "capsule": 0.7439170323095333,
    "carpet": 0.9991974317817015,
    "grid": 0.9106098579782791,
    "hazelnut": 0.6592857142857144,
    "leather": 1.0,
    "metal_nut": 0.8069403714565004,
    "pill": 0.8336061102018548,
    "screw": 0.42713670834187334,
    "tile": 0.9942279942279943,
    "toothbrush": 0.8722222222222222,
    "transistor": 0.8854166666666666,
    "wood": 0.9535087719298245,
    "zipper": 0.8203781512605042,
    "all": 0.8420265038266865
}