{
    "bottle": 1.0,
    "cable": 0.766304347826087,
    "capsule": 0.8049461507778222,
    "carpet": 0.9967897271268058,
    "grid": 0.9665831244778613,
    "hazelnut": 0.6985714285714285,
    "leather": 1.0,
    "metal_nut": 0.9105571847507332,
    "pill": 0.8401527550463721,
    "screw": 0.49723303955728637,
    "tile": 0.9985569985569986,
    "toothbrush": 0.8944444444444444,
    "transistor": 0.8891666666666667,
    "wood": 0.9421052631578947,
    "zipper": 0.8500525210084033,
    "all": 0.870364243464587
}